subdoc_id,date,doc_title,subdoc_title,src_site,src_url,src_parent_url,category
001-1,20221200,国土地理院広報　2022年12月発行　第654号,「令和4年度大規模津波防災総合訓練」に参加,GSI,https://www.gsi.go.jp/common/000245996.pdf,https://www.gsi.go.jp/kohokocho/koho654-top_00001.html,広報誌等
001-2,20221200,国土地理院広報　2022年12月発行　第654号,3年ぶりの「つくば科学フェスティバル2022」に出展,GSI,https://www.gsi.go.jp/common/000245996.pdf,https://www.gsi.go.jp/kohokocho/koho654-top_00001.html,広報誌等
002,20220113,「食から日本を考える。NIPPON　FOOD　SHIFT　FES.山梨」を開催!,None,MAFF,https://www.maff.go.jp/j/press/kanbo/anpo/230113.html,None,報道発表
003,20221222,東京電力福島第一原子力発電所のALPS処理水の現状に関する韓国政府向けのテレビ会議説明会を開催しました,None,METI,https://www.meti.go.jp/press/2022/12/20221222003/20221222003.html,None,報道発表
004-1,20200611,令和2年度「都市景観大賞」各賞の選定~良好な景観に資する地区・活動について、特に優れたものを表彰~,大賞　国土交通大臣賞　南町田グランベリーパーク地区,MLIT,https://www.mlit.go.jp/common/001347545.pdf,https://www.mlit.go.jp/report/press/toshi10_hh_000343.html,報道発表
004-2,20200611,令和2年度「都市景観大賞」各賞の選定~良好な景観に資する地区・活動について、特に優れたものを表彰~,優秀賞　「都市景観の日」実行委員会　会長賞　尾道市景観地区(尾道・向島歴史的風致地区),MLIT,https://www.mlit.go.jp/common/001347545.pdf,https://www.mlit.go.jp/report/press/toshi10_hh_000343.html,報道発表
005,20170300,第2章　地域資源を活用した良好な景観の形成促進方策の検討,1北海道函館市,MLIT,https://www.mlit.go.jp/common/001270459.pdf,https://www.mlit.go.jp/toshi/townscape/toshi_townscape_tk_000041.html,その他資料
006,20230325,「旧奈良監獄」を上質な「文化財ホテル」として整備~旧奈良監獄の保存及び活用に係る公共施設等運営事業を国土交通大臣が認定~,None,MLIT,https://www.mlit.go.jp/report/press/content/001472428.pdf,https://www.mlit.go.jp/report/press/toshi05_hh_000375.html,報道発表
007,00000000,道の記憶　奥州街道-その1　青森県への入り口は大難所・簔ケ坂,None,MLIT,http://www.thr.mlit.go.jp/aomori/study/oosyuu/index.html,None,その他ページ
008,00000000,道の記憶　奥州街道-その2　南部氏の古い城跡が残る三戸町,None,MLIT,http://www.thr.mlit.go.jp/aomori/study/oosyuu/9/p11.html,None,その他ページ
009,20220303,第六章　災害からの観光復興,在住の外国人留学生を活用したインバウンド向け商品造成・海外PRの支援体制の構築,MLIT,https://www.mlit.go.jp/common/001237082.pdf,https://www.mlit.go.jp/kankocho/shisaku/kankochi/ikiiki.html,その他資料
010,20200916,三陸の歴史,None,MLIT,https://www.pa.thr.mlit.go.jp/kamaishi/040/040/20200101012000.html,None,その他ページ
011-1,20220000,令和2年度重点支援DMO取組事例,(特非)阿寒観光協会まちづくり推進機構,MLIT,http://www.mlit.go.jp/kankocho/shisaku/kankochi/content/001422934.pdf,http://www.mlit.go.jp/kankocho/shisaku/kankochi/ikiiki.html,その他資料
011-2,20220000,令和2年度重点支援DMO取組事例,(一社)ひがし北海道自然美への道DMO,MLIT,http://www.mlit.go.jp/kankocho/shisaku/kankochi/content/001422934.pdf,http://www.mlit.go.jp/kankocho/shisaku/kankochi/ikiiki.html,その他資料
011-3,20220000,令和2年度重点支援DMO取組事例,(一社)HAKUBAVALLEY　TOURISM,MLIT,http://www.mlit.go.jp/kankocho/shisaku/kankochi/content/001422934.pdf,http://www.mlit.go.jp/kankocho/shisaku/kankochi/ikiiki.html,その他資料
012-1,20220607,令和4年版環境・循環型社会・生物多様性白書　第1部　総合的な施策等に関する報告　第1章　1.5°Cに向けて,None,ENV,https://www.env.go.jp/policy/hakusyo/r04/html/hj22010101.html,None,白書・青書
012-2,20220607,令和4年版環境・循環型社会・生物多様性白書　第1部　総合的な施策等に関する報告　第1章　1.5°Cに向けて,第1節　世界の気象災害・我が国の気象災害と経済的影響,ENV,https://www.env.go.jp/policy/hakusyo/r04/html/hj22010101.html,None,白書・青書
013,20200731,『大熊・双葉環境まちづくりミーティング』(第1回),『大熊・双葉環境まちづくりミーティング』(第1回)　実施レポート,ENV,http://josen.env.go.jp/plaza/info/event/ohkuma_futaba/report_200719/,None,その他ページ
014-1,20220822,令和四年版　防衛白書　日本の防衛　令和3年　自衛官たちの足跡,パシフィック・クラウン21への参加,MOD,https://www.mod.go.jp/j/publication/wp/wp2022/html/nd500000.html,None,白書・青書
014-2,20220822,令和四年版　防衛白書　日本の防衛　令和3年　自衛官たちの足跡,東京オリンピック開会式の支援に参加して,MOD,https://www.mod.go.jp/j/publication/wp/wp2022/html/nd500000.html,None,白書・青書
015-1,20220802,令和3年度文部科学白書　第2部　第2章　東日本大震災からの復興・創生の進展　第2節　復興を支える人材の育成,None,MEXT,https://www.mext.go.jp/content/20220719-mxt_soseisk02-000024040_202.pdf,https://www.mext.go.jp/b_menu/hakusho/html/hpab202001/1420041_00010.htm,白書・青書
015-2,20220802,令和3年度文部科学白書　第2部　第2章　東日本大震災からの復興・創生の進展　第2節　復興を支える人材の育成,1　福島県双葉郡教育復興ビジョン,MEXT,https://www.mext.go.jp/content/20220719-mxt_soseisk02-000024040_202.pdf,https://www.mext.go.jp/b_menu/hakusho/html/hpab202001/1420041_00010.htm,白書・青書
015-3,20220802,令和3年度文部科学白書　第2部　第2章　東日本大震災からの復興・創生の進展　第2節　復興を支える人材の育成,2　創造的復興教育の更なる推進に向けて,MEXT,https://www.mext.go.jp/content/20220719-mxt_soseisk02-000024040_202.pdf,https://www.mext.go.jp/b_menu/hakusho/html/hpab202001/1420041_00010.htm,白書・青書
015-4,20220802,令和3年度文部科学白書　第2部　第2章　東日本大震災からの復興・創生の進展　第2節　復興を支える人材の育成,3　福島イノベーション・コースト構想の実現に向けた取組,MEXT,https://www.mext.go.jp/content/20220719-mxt_soseisk02-000024040_202.pdf,https://www.mext.go.jp/b_menu/hakusho/html/hpab202001/1420041_00010.htm,白書・青書
015-5,20220802,令和3年度文部科学白書　第2部　第2章　東日本大震災からの復興・創生の進展　第2節　復興を支える人材の育成,4　復興を支える研究開発~東北メディカル・メガバンク計画~,MEXT,https://www.mext.go.jp/content/20220719-mxt_soseisk02-000024040_202.pdf,https://www.mext.go.jp/b_menu/hakusho/html/hpab202001/1420041_00010.htm,白書・青書
016,20220900,aff　2022　SEPTEMBER　9月号,農山漁村を元気にする　廃校再生プロジェクト,MAFF,https://www.maff.go.jp/j/pr/aff/2209/regeneration04.html,None,広報誌等
017,20220600,令和4年版観光白書　第I部　令和3年観光の動向　　第2章　日本の観光の動向,第6節　地域における観光振興の取組,MLIT,https://www.mlit.go.jp/statistics/content/001615072.pdf,http://www.mlit.go.jp/statistics/file000008.html,白書・青書
018,20231100,地方振興　活力と魅力のある地域づくり,半島トピックス(半島に関する情報を掲載しています),MLIT,https://www.mlit.go.jp/kokudoseisaku/chisei/crd_chisei_tk_000013.html,None,広報誌等
019,19980900,　国会等の移転ホームページ　栃木県現地調査意見聴取議事要旨栃木県現地調査意見聴取議事要旨,5.議事の要旨,MLIT,https://www.mlit.go.jp/kokudokeikaku/iten/information/council/shingi_siryo/980930.html,None,会見・会合記録
020,20210715,東京圏における今後の地下鉄ネットワークのあり方等について　(答申),○　諮問の背景,MLIT,https://www.mlit.go.jp/policy/shingikai/content/001414998.pdf,https://www.mlit.go.jp/policy/shingikai/tetsudo01_sg_000315.html,その他資料
021-1,00000000,道路事業の紹介,道路事業の紹介,MLIT,https://www.thr.mlit.go.jp/iwaki/jigyo/index.html,None,その他ページ
021-2,00000000,道路事業の紹介,None,MLIT,https://www.thr.mlit.go.jp/iwaki/jigyo/index.html,None,その他ページ
022,20221100,第4回千葉北西連絡道路検討会　検討会資料,千葉北西連絡道路の概略計画検討に向けた基本方針(骨子),MLIT,https://www.ktr.mlit.go.jp/ktr_content/content/000844739.pdf,https://www.ktr.mlit.go.jp/chiba/chiba_index046.html,その他資料
023,00000000,新潟県　新潟港,みなとオアシス新潟　食と花のみなとまちにいがた,MLIT,https://www.pa.hrr.mlit.go.jp/minato-oasis/point/63/,None,その他ページ
024,00000000,競争力のある港づくり　広島港　Hiroshima　Port,None,MLIT,https://www.pa.cgr.mlit.go.jp/hiroshima/kyosoryoku/hiroshimako.html,None,その他ページ
025,00000000,水防・治水の歴史　利根川の概要と歴史,None,MLIT,https://www.ktr.mlit.go.jp/tonege/tonege_index016.html,None,その他ページ
026,20230602,令和4年度水産白書　第1部　第1章　我が国の水産物の需給・消費をめぐる動き　(4)水産物貿易の動向,ウ　水産物輸出の拡大に向けた取組,MAFF,https://www.jfa.maff.go.jp/j/kikaku/wpaper/r04_h/trend/1/t1_1_4.html#u,None,白書・青書
027-1,20230600,令和5年版交通政策白書　第1部　第3章　各交通モードの動向　第2節　鉄道交通,(2)幹線鉄道,MLIT,https://www.mlit.go.jp/sogoseisaku/transport/content/001613614.pdf,https://www.mlit.go.jp/sogoseisaku/transport/sosei_transport_fr_000154.html,白書・青書
027-2,20230600,令和5年版交通政策白書　第1部　第3章　各交通モードの動向　第2節　鉄道交通,(3)都市鉄道,MLIT,https://www.mlit.go.jp/sogoseisaku/transport/content/001613614.pdf,https://www.mlit.go.jp/sogoseisaku/transport/sosei_transport_fr_000154.html,白書・青書
027-3,20230600,令和5年版交通政策白書　第1部　第3章　各交通モードの動向　第2節　鉄道交通,(4)地域鉄道・LRT,MLIT,https://www.mlit.go.jp/sogoseisaku/transport/content/001613614.pdf,https://www.mlit.go.jp/sogoseisaku/transport/sosei_transport_fr_000154.html,白書・青書
028-1,20220831,令和4年版交通政策白書　第I部　第3章　第4節　航空交通　(1)航空交通ネットワーク,a.空港の整備状況,MLIT,https://www.mlit.go.jp/sogoseisaku/transport/content/001485343.pdf,https://www.mlit.go.jp/sogoseisaku/transport/sosei_transport_fr_000129.html,白書・青書
028-2,20220831,令和4年版交通政策白書　第I部　第3章　第4節　航空交通　(1)航空交通ネットワーク,b.首都圏空港(東京国際空港及び成田国際空港)の航空ネットワーク,MLIT,https://www.mlit.go.jp/sogoseisaku/transport/content/001485343.pdf,https://www.mlit.go.jp/sogoseisaku/transport/sosei_transport_fr_000129.html,白書・青書
028-3,20220831,令和4年版交通政策白書　第I部　第3章　第4節　航空交通　(1)航空交通ネットワーク,c.航空ネットワークの拡大,MLIT,https://www.mlit.go.jp/sogoseisaku/transport/content/001485343.pdf,https://www.mlit.go.jp/sogoseisaku/transport/sosei_transport_fr_000129.html,白書・青書
029-1,20230613,令和5年版観光白書　第II部　第2章　第2節「地域の観光コンテンツの造成・磨き上げ」　6　公的施設・インフラ,(1)魅力ある公的施設・インフラの大胆な公開・開放,MLIT,https://www.mlit.go.jp/statistics/content/001630306.pdf,https://www.mlit.go.jp:8088/statistics/file000008.html,白書・青書
029-2,20230613,令和5年版観光白書　第II部　第2章　第2節「地域の観光コンテンツの造成・磨き上げ」　6　公的施設・インフラ,(2)灯台を活用した観光振興支援及びインフラツーリズムの推進,MLIT,https://www.mlit.go.jp/statistics/content/001630306.pdf,https://www.mlit.go.jp:8088/statistics/file000008.html,白書・青書
029-3,20230613,令和5年版観光白書　第II部　第2章　第2節「地域の観光コンテンツの造成・磨き上げ」　6　公的施設・インフラ,(3)一般公開・開放された公的施設を活用した訪日プロモーション,MLIT,https://www.mlit.go.jp/statistics/content/001630306.pdf,https://www.mlit.go.jp:8088/statistics/file000008.html,白書・青書
029-4,20230613,令和5年版観光白書　第II部　第2章　第2節「地域の観光コンテンツの造成・磨き上げ」　6　公的施設・インフラ,(4)国民公園の魅力向上,MLIT,https://www.mlit.go.jp/statistics/content/001630306.pdf,https://www.mlit.go.jp:8088/statistics/file000008.html,白書・青書
030-1,20190621,令和元年版観光白書　第II部　第2章「訪日外国人旅行者の増加が観光地に与える影響」　コラムII-9　持続可能な観光先進国に向けて~各地域における先進的な取組事例~,事例1:観光快適度の見える化による分散(京都府京都市),MLIT,https://www.mlit.go.jp/common/001294468.pdf,https://www.mlit.go.jp:8088/statistics/file000008.htmll,白書・青書
030-2,20190621,令和元年版観光白書　第II部　第2章「訪日外国人旅行者の増加が観光地に与える影響」　コラムII-9　持続可能な観光先進国に向けて~各地域における先進的な取組事例~,事例2:観光客が多いバス路線への「前乗り後降り方式」の導入(京都府京都市),MLIT,https://www.mlit.go.jp/common/001294468.pdf,https://www.mlit.go.jp:8088/statistics/file000008.htmll,白書・青書
030-3,20190621,令和元年版観光白書　第II部　第2章「訪日外国人旅行者の増加が観光地に与える影響」　コラムII-9　持続可能な観光先進国に向けて~各地域における先進的な取組事例~,事例4:駐車場料金値上げによる財源確保及びイベントの事前予約制導入による混雑緩和(岐阜県白川村),MLIT,https://www.mlit.go.jp/common/001294468.pdf,https://www.mlit.go.jp:8088/statistics/file000008.htmll,白書・青書
030-4,20190621,令和元年版観光白書　第II部　第2章「訪日外国人旅行者の増加が観光地に与える影響」　コラムII-9　持続可能な観光先進国に向けて~各地域における先進的な取組事例~,事例5:マナー啓発動画の制作・放映(沖縄県),MLIT,https://www.mlit.go.jp/common/001294468.pdf,https://www.mlit.go.jp:8088/statistics/file000008.htmll,白書・青書
030-5,20190621,令和元年版観光白書　第II部　第2章「訪日外国人旅行者の増加が観光地に与える影響」　コラムII-9　持続可能な観光先進国に向けて~各地域における先進的な取組事例~,事例7:クルーズ客の増加による混雑への対応(福岡県福岡市),MLIT,https://www.mlit.go.jp/common/001294468.pdf,https://www.mlit.go.jp:8088/statistics/file000008.htmll,白書・青書
031-1,20210528,令和2年度食育白書　第2部　食育推進施策の具体的取組,第5章　生産者と消費者との交流の促進、環境と調和のとれた農林漁業の活性化等,MAFF,https://www.maff.go.jp/j/syokuiku/wpaper/attach/pdf/r2_index-5.pdf,https://www.maff.go.jp/j/syokuiku/wpaper/r2_index.html,白書・青書
031-2,20210528,令和2年度食育白書　第2部　食育推進施策の具体的取組,第6章　食文化の継承のための活動,MAFF,https://www.maff.go.jp/j/syokuiku/wpaper/attach/pdf/r2_index-5.pdf,https://www.maff.go.jp/j/syokuiku/wpaper/r2_index.html,白書・青書
032-1,20221018,令和4年警察白書　第2部　第6章　公安の維持と災害対策　第4節　災害等への対処と警備実施,1　自然災害等への対処,NPA,https://www.npa.go.jp/hakusyo/r04/pdf/09_dai6sho.pdf,https://www.npa.go.jp/hakusyo/r04/pdf/pdfindex.html,白書・青書
032-2,20221018,令和4年警察白書　第2部　第6章　公安の維持と災害対策　第4節　災害等への対処と警備実施,2　警備実施,NPA,https://www.npa.go.jp/hakusyo/r04/pdf/09_dai6sho.pdf,https://www.npa.go.jp/hakusyo/r04/pdf/pdfindex.html,白書・青書
033-1,20230600,令和4年度エネルギーに関する年次報告　(エネルギー白書2023)　第3部　第4章「原子力政策の展開」　第4節　対策を将来へ先送りせず、着実に進める取組,1.高レベル放射性廃棄物等の最終処分に向けた取組,METI,https://www.enecho.meti.go.jp/about/whitepaper/2023/pdf/3_4.pdf,https://www.enecho.meti.go.jp/about/whitepaper/2023/pdf/,白書・青書
033-2,20230600,令和4年度エネルギーに関する年次報告　(エネルギー白書2023)　第3部　第4章「原子力政策の展開」　第4節　対策を将来へ先送りせず、着実に進める取組,2.核燃料サイクル政策の推進,METI,https://www.enecho.meti.go.jp/about/whitepaper/2023/pdf/3_4.pdf,https://www.enecho.meti.go.jp/about/whitepaper/2023/pdf/,白書・青書
034-1,20230300,九州防衞局広報　きゅうしゅう　NO.61,2.自治体紹介(長崎県壱岐市),MOD,https://www.mod.go.jp/rdb/kyushu/kouhoukyushu/back/61/61hp.pdf,https://www.mod.go.jp/rdb/kyushu/kouhoukyushu/index.html,広報誌等
034-2,20230300,九州防衞局広報　きゅうしゅう　NO.61,4.インフォメーション,MOD,https://www.mod.go.jp/rdb/kyushu/kouhoukyushu/back/61/61hp.pdf,https://www.mod.go.jp/rdb/kyushu/kouhoukyushu/index.html,広報誌等
035,20221213,広報誌「ぼうさい」　2022　No.105　防災の動き,「防災推進国民大会2022」の開催報告　未来につなぐ災害の経験と教訓~忘れない、伝える、活かす、備える~,BOUSAI,https://www.bousai.go.jp/kohou/kouhoubousai/r04/105/pdf/2022_vol105.pdf,https://www.bousai.go.jp/kohou/kouhoubousai/r04/105/index.html,広報誌等
036-1,20230727,国土地理院広報　第661号,領土・主権展示館の企画展「日本の島と海と空を守る仕事」,GSI,https://www.gsi.go.jp/common/000251126.pdf,https://www.gsi.go.jp/kohokocho/koho661-top_00001.html,広報誌等
036-2,20230727,国土地理院広報　第661号,国内初!衛星測位分野の国際事業にJAXAと共同で参画~高精度な軌道情報の提供を通じた測位基盤の強化へ~,GSI,https://www.gsi.go.jp/common/000251126.pdf,https://www.gsi.go.jp/kohokocho/koho661-top_00001.html,広報誌等
036-3,20230727,国土地理院広報　第661号,「測量の日」関連行事を実施　●「第29回くらしと測量・地図展」で関東大震災時における陸地測量部の調査図等を公開,GSI,https://www.gsi.go.jp/common/000251126.pdf,https://www.gsi.go.jp/kohokocho/koho661-top_00001.html,広報誌等
036-4,20230727,国土地理院広報　第661号,第239回地震予知連絡会の開催概要,GSI,https://www.gsi.go.jp/common/000251126.pdf,https://www.gsi.go.jp/kohokocho/koho661-top_00001.html,広報誌等
037,20230713,財務省広報誌　「ファイナンス」令和5年7月号　特集　G7新潟財務大臣・中央銀行総裁会議,Road　to　Niigata　~ロジ面を中心に,MOF,https://www.mof.go.jp/public_relations/finance/202307/202307d.pdf,https://www.mof.go.jp/public_relations/finance/202307/index.html,広報誌等
038-1,20230718,大臣会見　斉藤大臣会見要旨,冒頭発言,MLIT,https://www.mlit.go.jp/report/interview/daijin230718.html,None,会見・会合記録
038-2,20230718,大臣会見　斉藤大臣会見要旨,質疑応答,MLIT,https://www.mlit.go.jp/report/interview/daijin230718.html,None,会見・会合記録
039-1,20230120,令和4年版犯罪白書　第2編　犯罪者の処遇　第4章　成人矯正,第1節　概説,MOJ,https://www.moj.go.jp/content/001387343.pdf,https://www.moj.go.jp/housouken/housouken03_00118.html,白書・青書
039-2,20230120,令和4年版犯罪白書　第2編　犯罪者の処遇　第4章　成人矯正,第4節　刑事施設の運営等,MOJ,https://www.moj.go.jp/content/001387343.pdf,https://www.moj.go.jp/housouken/housouken03_00118.html,白書・青書
039-3,20230120,令和4年版犯罪白書　第2編　犯罪者の処遇　第4章　成人矯正,第6節　官民協働による刑事施設等の整備・運営,MOJ,https://www.moj.go.jp/content/001387343.pdf,https://www.moj.go.jp/housouken/housouken03_00118.html,白書・青書
040,20220930,令和4年版外交青書　第3章　第1節　日本と国際社会の平和と安定に向けた取組　特集　平和安全法制施行5周年,None,MOFA,https://www.mofa.go.jp/mofaj/gaiko/bluebook/2022/pdf/pdfs/3_1.pdf,https://www.mofa.go.jp/mofaj/gaiko/bluebook/2022/pdf/index.html,白書・青書
041-1,20230620,令和5年版科学技術・イノベーション白書　第1部　地域から始まる科学技術・イノベーション　第3章　地域の特性や大学の強みを活かした様々な科学技術・イノベーション,第3節　山形県における鶴岡サイエンスパークの取組,MEXT,https://www.mext.go.jp/content/20230620-mxt_kouhou02-000029752_4.pdf,https://www.mext.go.jp/b_menu/hakusho/html/hpaa202301/1421221_00013.html,白書・青書
041-2,20230620,令和5年版科学技術・イノベーション白書　第1部　地域から始まる科学技術・イノベーション　第3章　地域の特性や大学の強みを活かした様々な科学技術・イノベーション,第4節　熊本県等における半導体産業強化のための大学・地域の連携,MEXT,https://www.mext.go.jp/content/20230620-mxt_kouhou02-000029752_4.pdf,https://www.mext.go.jp/b_menu/hakusho/html/hpaa202301/1421221_00013.html,白書・青書
042,20220500,6　海上交通の安全を守る,CHAPTER　II.　ふくそう海域・港内等の安全対策,MLIT,https://www.kaiho.mlit.go.jp/info/books/report2022/html/honpen/6_03_chap2.htmlhttps://www.kaiho.mlit.go.jp/info/books/report2022/html/honpen/6_05_chap4.html,None,白書・青書
043-1,20220729,令和4年版防衛白書　日本の防衛　第IV部　第6章　地域社会や環境との共生に関する取組　第1節　地域社会や環境との調和にかかる施策,6　東京2020オリンピック・パラリンピック競技大会への取組,MOD,https://www.mod.go.jp/j/press/wp/wp2022/pdf/wp2022_JP_Full_01.pdf,https://www.mod.go.jp/j/press/wp/wp2022/w2022_00.html,白書・青書
043-2,20220729,令和4年版防衛白書　日本の防衛　第IV部　第6章　地域社会や環境との共生に関する取組　第1節　地域社会や環境との調和にかかる施策,7　南極地域観測に対する支援,MOD,https://www.mod.go.jp/j/press/wp/wp2022/pdf/wp2022_JP_Full_01.pdf,https://www.mod.go.jp/j/press/wp/wp2022/w2022_00.html,白書・青書
043-3,20220729,令和4年版防衛白書　日本の防衛　第IV部　第6章　地域社会や環境との共生に関する取組　第1節　地域社会や環境との調和にかかる施策,9　その他の取組,MOD,https://www.mod.go.jp/j/press/wp/wp2022/pdf/wp2022_JP_Full_01.pdf,https://www.mod.go.jp/j/press/wp/wp2022/w2022_00.html,白書・青書
044-1,20220118,令和3年版消防白書　特集1「最近の大規模自然災害等への対応」,4　令和2年12月16日からの大雪による被害及び消防機関等の対応状況,FDMA,https://www.fdma.go.jp/publication/hakusho/r3/items/special1.pdf,https://www.fdma.go.jp/publication/hakusho/r3/63931.html,白書・青書
044-2,20220118,令和3年版消防白書　特集1「最近の大規模自然災害等への対応」,5　千葉県北西部を震源とする地震による被害及び消防機関等の対応状況,FDMA,https://www.fdma.go.jp/publication/hakusho/r3/items/special1.pdf,https://www.fdma.go.jp/publication/hakusho/r3/63931.html,白書・青書
045-1,20230600,南関東防衛局広報誌「南関防衛」　令和5年37号　,第十一次北富士演習場使用協定及び第八次入会協定の締結,MOD,https://www.mod.go.jp/rdb/s-kanto/20_Second_level/04_event/01_nankan/nankan37.pdf,https://www.mod.go.jp/rdb/s-kanto/20_Second_level/04_event/01_nankan/kouho-yokohama.html,広報誌等
045-2,20230600,南関東防衛局広報誌「南関防衛」　令和5年37号　,日米交流事業　in　キャンプ座間,MOD,https://www.mod.go.jp/rdb/s-kanto/20_Second_level/04_event/01_nankan/nankan37.pdf,https://www.mod.go.jp/rdb/s-kanto/20_Second_level/04_event/01_nankan/kouho-yokohama.html,広報誌等
045-3,20230600,南関東防衛局広報誌「南関防衛」　令和5年37号　,航空事故等連絡協議会~　令和4年度　第36回航空事故等連絡協議会年次総会の開催　~,MOD,https://www.mod.go.jp/rdb/s-kanto/20_Second_level/04_event/01_nankan/nankan37.pdf,https://www.mod.go.jp/rdb/s-kanto/20_Second_level/04_event/01_nankan/kouho-yokohama.html,広報誌等
045-4,20230600,南関東防衛局広報誌「南関防衛」　令和5年37号　,令和5年度新規採用者等研修,MOD,https://www.mod.go.jp/rdb/s-kanto/20_Second_level/04_event/01_nankan/nankan37.pdf,https://www.mod.go.jp/rdb/s-kanto/20_Second_level/04_event/01_nankan/kouho-yokohama.html,広報誌等
046-1,20230300,近畿中部防衛局広報誌「近畿中部」　2023春,近畿中部防衛施設地方審議会の開催,MOD,https://www.mod.go.jp/rdb/kinchu/public_relations/magazine/data/kinki-chubu_082.pdf,https://www.mod.go.jp/rdb/kinchu/public_relations/magazine/index.html,広報誌等
046-2,20230300,近畿中部防衛局広報誌「近畿中部」　2023春,令和4年版防衛白書の説明,MOD,https://www.mod.go.jp/rdb/kinchu/public_relations/magazine/data/kinki-chubu_082.pdf,https://www.mod.go.jp/rdb/kinchu/public_relations/magazine/index.html,広報誌等
046-3,20230300,近畿中部防衛局広報誌「近畿中部」　2023春,部隊紹介~陸上自衛隊八尾駐屯地,MOD,https://www.mod.go.jp/rdb/kinchu/public_relations/magazine/data/kinki-chubu_082.pdf,https://www.mod.go.jp/rdb/kinchu/public_relations/magazine/index.html,広報誌等
046-4,20230300,近畿中部防衛局広報誌「近畿中部」　2023春,米陸軍経ヶ岬通信所ニュース　「経ヶ岬から、日本の絆を」,MOD,https://www.mod.go.jp/rdb/kinchu/public_relations/magazine/data/kinki-chubu_082.pdf,https://www.mod.go.jp/rdb/kinchu/public_relations/magazine/index.html,広報誌等
047,20230100,防衛省東北防衛局広報紙「東北のかなめ」　vol.59(2023.1),トピックス,MOD,https://www.mod.go.jp/rdb/tohoku/kouhou-3/kaname59.pdf,https://www.mod.go.jp/rdb/tohoku/kouhou-3/kouhou3.html,広報誌等
048-1,20230800,中部の森林　2023/No.233,森林土木分野における「新技術・新工法」の技術プレゼンテーション,MAFF,https://www.rinya.maff.go.jp/chubu/koho/koho_si/attach/pdf/index-69.pdf,https://www.rinya.maff.go.jp/chubu/koho/koho_si/index.html,広報誌等
048-2,20230800,中部の森林　2023/No.233,有害鳥獣捕獲の職場内研修を実施,MAFF,https://www.rinya.maff.go.jp/chubu/koho/koho_si/attach/pdf/index-69.pdf,https://www.rinya.maff.go.jp/chubu/koho/koho_si/index.html,広報誌等
048-3,20230800,中部の森林　2023/No.233,鳥獣保護及び狩猟に関する講習会を開催,MAFF,https://www.rinya.maff.go.jp/chubu/koho/koho_si/attach/pdf/index-69.pdf,https://www.rinya.maff.go.jp/chubu/koho/koho_si/index.html,広報誌等
049-1,20230700,広報誌「みどりの東北」　令和5年7月　vol.232　地域発NEWS,ヤマメのための森林づくり,MAFF,https://www.rinya.maff.go.jp/tohoku/koho/koho_si/attach/pdf/index-7.pdf,https://www.rinya.maff.go.jp/tohoku/koho/koho_si/index.html,広報誌等
049-2,20230700,広報誌「みどりの東北」　令和5年7月　vol.232　地域発NEWS,治山事業の効果について,MAFF,https://www.rinya.maff.go.jp/tohoku/koho/koho_si/attach/pdf/index-7.pdf,https://www.rinya.maff.go.jp/tohoku/koho/koho_si/index.html,広報誌等
049-3,20230700,広報誌「みどりの東北」　令和5年7月　vol.232　地域発NEWS,ボランティアによる国有林巡視の取組,MAFF,https://www.rinya.maff.go.jp/tohoku/koho/koho_si/attach/pdf/index-7.pdf,https://www.rinya.maff.go.jp/tohoku/koho/koho_si/index.html,広報誌等
049-4,20230700,広報誌「みどりの東北」　令和5年7月　vol.232　地域発NEWS,八甲田山の自然を守り楽しむために,MAFF,https://www.rinya.maff.go.jp/tohoku/koho/koho_si/attach/pdf/index-7.pdf,https://www.rinya.maff.go.jp/tohoku/koho/koho_si/index.html,広報誌等
049-5,20230700,広報誌「みどりの東北」　令和5年7月　vol.232　地域発NEWS,ブランド材「前森スギ」の供給開始,MAFF,https://www.rinya.maff.go.jp/tohoku/koho/koho_si/attach/pdf/index-7.pdf,https://www.rinya.maff.go.jp/tohoku/koho/koho_si/index.html,広報誌等
049-6,20230700,広報誌「みどりの東北」　令和5年7月　vol.232　地域発NEWS,外来種「ツヤハダゴマダラカミキリ」,MAFF,https://www.rinya.maff.go.jp/tohoku/koho/koho_si/attach/pdf/index-7.pdf,https://www.rinya.maff.go.jp/tohoku/koho/koho_si/index.html,広報誌等
050,20230600,aff(あふ)2023年6月号　連載　旅する農業遺産,None,MAFF,https://www.maff.go.jp/j/pr/aff/2306/heritage01.html,None,広報誌等
051-1,20230300,令和4年版　回顧と展望　警備情勢を顧みて　第1章【特集】G7広島サミットの成功に向けて,G7広島サミットの概要,NPA,https://www.npa.go.jp/bureau/security/publications/syouten/293/R4syouten.pdf,https://www.npa.go.jp/publications/booklet/index.html,広報誌等
051-2,20230300,令和4年版　回顧と展望　警備情勢を顧みて　第1章【特集】G7広島サミットの成功に向けて,G7広島サミットをめぐる諸情勢,NPA,https://www.npa.go.jp/bureau/security/publications/syouten/293/R4syouten.pdf,https://www.npa.go.jp/publications/booklet/index.html,広報誌等
051-3,20230300,令和4年版　回顧と展望　警備情勢を顧みて　第1章【特集】G7広島サミットの成功に向けて,G7広島サミット等に向けた警察の取組,NPA,https://www.npa.go.jp/bureau/security/publications/syouten/293/R4syouten.pdf,https://www.npa.go.jp/publications/booklet/index.html,広報誌等
052-1,20230000,内閣府沖縄総合事務局　広報誌「群星」　2023年3・4月号/第406号,仕事の窓　No.7　「ディスカバー農山漁村(むら)の宝」選定事例の紹介,OGB,https://www.ogb.go.jp/-/media/Files/OGB/Soumu/muribushi/saisin/20230304/zentai.pdf,https://www.ogb.go.jp/soumu/soumu_muribusi/2941/20230506muribushi,広報誌等
052-2,20230000,内閣府沖縄総合事務局　広報誌「群星」　2023年3・4月号/第406号,仕事の窓　No.10　防犯機器搭載タクシー(タクパト)の普及について,OGB,https://www.ogb.go.jp/-/media/Files/OGB/Soumu/muribushi/saisin/20230304/zentai.pdf,https://www.ogb.go.jp/soumu/soumu_muribusi/2941/20230506muribushi,広報誌等
053-1,20230300,広報誌「阿武隈だより」2023.3　第49号　阿武調情報,◯国営施設応急対策事業「名取川地区」の完了　~次の30年間の供用のために~,MAFF,https://www.maff.go.jp/tohoku/nouson/kokuei/abukuma/attach/pdf/kouhousi-2.pdf,https://www.maff.go.jp/tohoku/nouson/kokuei/abukuma/kouhousi.html,広報誌等
053-2,20230300,広報誌「阿武隈だより」2023.3　第49号　阿武調情報,◯国営施設応急対策事業「角田地区」の実施状況,MAFF,https://www.maff.go.jp/tohoku/nouson/kokuei/abukuma/attach/pdf/kouhousi-2.pdf,https://www.maff.go.jp/tohoku/nouson/kokuei/abukuma/kouhousi.html,広報誌等
053-3,20230300,広報誌「阿武隈だより」2023.3　第49号　阿武調情報,◯国営施設応急対策事業「母畑地区」の実施状況,MAFF,https://www.maff.go.jp/tohoku/nouson/kokuei/abukuma/attach/pdf/kouhousi-2.pdf,https://www.maff.go.jp/tohoku/nouson/kokuei/abukuma/kouhousi.html,広報誌等
053-4,20230300,広報誌「阿武隈だより」2023.3　第49号　阿武調情報,◯国営施設応急対策事業「雄国山麓地区」の実施状況,MAFF,https://www.maff.go.jp/tohoku/nouson/kokuei/abukuma/attach/pdf/kouhousi-2.pdf,https://www.maff.go.jp/tohoku/nouson/kokuei/abukuma/kouhousi.html,広報誌等
054,20220916,循環経済パートナーシップ(J4CE)「注目事例集2022発表式」を開催しました,None,METI,https://www.meti.go.jp/press/2022/09/20220916004/20220916004.html,None,報道発表
055-1,20230900,近畿農政局月刊情報紙「新鮮mini情報」2023年9月号,谷瀬の吊り橋(奈良県十津川村),MAFF,https://www.maff.go.jp/kinki/pr/magazine/mini/attach/pdf/miniindex-5.pdf,https://www.maff.go.jp/kinki/pr/magazine/mini/miniindex.html,広報誌等
055-2,20230900,近畿農政局月刊情報紙「新鮮mini情報」2023年9月号,和食がユネスコに登録されて10周年を迎えます!,MAFF,https://www.maff.go.jp/kinki/pr/magazine/mini/attach/pdf/miniindex-5.pdf,https://www.maff.go.jp/kinki/pr/magazine/mini/miniindex.html,広報誌等
055-3,20230900,近畿農政局月刊情報紙「新鮮mini情報」2023年9月号,あなたのサステナブルな取組を日本中、世界中に発信しませんか?,MAFF,https://www.maff.go.jp/kinki/pr/magazine/mini/attach/pdf/miniindex-5.pdf,https://www.maff.go.jp/kinki/pr/magazine/mini/miniindex.html,広報誌等
056-1,20231100,中国四国農政局広報誌「NewsLetter(ニュースレター)」　高知版　2023年11月,「くり」や「さつまいも」の商品開発で地域活性化を,MAFF,https://www.maff.go.jp/chushi/kohoshi/mag_newsletter/attach/pdf/nl231139.pdf,https://www.maff.go.jp/chushi/kohoshi/mag_newsletter/bn2023.html,広報誌等
056-2,20231100,中国四国農政局広報誌「NewsLetter(ニュースレター)」　高知版　2023年11月,令和5年12月3日(日)　第7回　高知オーガニックフェスタ開催!!,MAFF,https://www.maff.go.jp/chushi/kohoshi/mag_newsletter/attach/pdf/nl231139.pdf,https://www.maff.go.jp/chushi/kohoshi/mag_newsletter/bn2023.html,広報誌等
056-3,20231100,中国四国農政局広報誌「NewsLetter(ニュースレター)」　高知版　2023年11月,有機農業推進フォーラムの開催について(オンライン),MAFF,https://www.maff.go.jp/chushi/kohoshi/mag_newsletter/attach/pdf/nl231139.pdf,https://www.maff.go.jp/chushi/kohoshi/mag_newsletter/bn2023.html,広報誌等
057-1,20231110,西村経済産業大臣の閣議後記者会見の概要,冒頭発言,METI,https://www.meti.go.jp/speeches/kaiken/2023/20231110001.html,None,会見・会合記録
057-2,20231110,西村経済産業大臣の閣議後記者会見の概要,質疑応答,METI,https://www.meti.go.jp/speeches/kaiken/2023/20231110001.html,None,会見・会合記録
058,20231016,令和5年度産業標準化事業表彰の受賞者を発表します,None,METI,https://www.meti.go.jp/press/2023/10/20231016001/20231016001.html,None,報道発表
059,20180300,地熱発電メールマガジン~あの町この町いろんな地熱~　第09号平成30年03月発行,九州電力株式会社の取組のご紹介1　地熱発電に対するこれまでの取組,NDL,https://warp.da.ndl.go.jp/info:ndljp/pid/11678807/www.enecho.meti.go.jp/category/resources_and_fuel/geothermal/mail_magazine/pdf/009.pdf,https://warp.da.ndl.go.jp/info:ndljp/pid/11678807/www.enecho.meti.go.jp/category/resources_and_fuel/geothermal/mail_magazine/,広報誌等
060-1,20230700,北海道防衛局広報誌「防衛北海道」　令和5年7月発行　Vol.86,令和5年度　防衛省所管補助事業等　実務担当者研修会,MOD,https://www.mod.go.jp/rdb/hokkaido/kouhou/086.pdf,https://www.mod.go.jp/rdb/hokkaido/kouhou/index.html,広報誌等
060-2,20230700,北海道防衛局広報誌「防衛北海道」　令和5年7月発行　Vol.86,「絆」　北広島市と北恵庭駐屯地の紹介,MOD,https://www.mod.go.jp/rdb/hokkaido/kouhou/086.pdf,https://www.mod.go.jp/rdb/hokkaido/kouhou/index.html,広報誌等
061-1,20230900,北関東防衛局広報　2023.9　Vol.116,わが町紹介~新潟県上越市~,MOD,https://www.mod.go.jp/rdb/n-kanto/kouhou/pdf/116kouhou.pdf,https://www.mod.go.jp/rdb/n-kanto/kouhou/kouhou.html,広報誌等
061-2,20230900,北関東防衛局広報　2023.9　Vol.116,事務所だより~前橋防衛事務所~　信州の中央　自然と湧水の城下町　松本,MOD,https://www.mod.go.jp/rdb/n-kanto/kouhou/pdf/116kouhou.pdf,https://www.mod.go.jp/rdb/n-kanto/kouhou/kouhou.html,広報誌等
062-1,20230700,中国四国防衛局広報誌「CSDB」　Vol.61　Sept.2023,海上自衛隊　油船　進水式,MOD,https://www.mod.go.jp/rdb/chushi/030_kouhou/010_kouhousi/kouhou61.pdf,https://www.mod.go.jp/rdb/chushi/030_kouhou/010_kouhousi/kouhousibacknumber.html,広報誌等
062-2,20230700,中国四国防衛局広報誌「CSDB」　Vol.61　Sept.2023,中国四国防衛局による広報活動(自衛隊記念行事),MOD,https://www.mod.go.jp/rdb/chushi/030_kouhou/010_kouhousi/kouhou61.pdf,https://www.mod.go.jp/rdb/chushi/030_kouhou/010_kouhousi/kouhousibacknumber.html,広報誌等
062-3,20230700,中国四国防衛局広報誌「CSDB」　Vol.61　Sept.2023,岡山県防衛協会玉野訪問,MOD,https://www.mod.go.jp/rdb/chushi/030_kouhou/010_kouhousi/kouhou61.pdf,https://www.mod.go.jp/rdb/chushi/030_kouhou/010_kouhousi/kouhousibacknumber.html,広報誌等
062-4,20230700,中国四国防衛局広報誌「CSDB」　Vol.61　Sept.2023,航空自衛隊見島分屯基地視察同行記(令和5年6月23日),MOD,https://www.mod.go.jp/rdb/chushi/030_kouhou/010_kouhousi/kouhou61.pdf,https://www.mod.go.jp/rdb/chushi/030_kouhou/010_kouhousi/kouhousibacknumber.html,広報誌等
063-1,20220527,沖縄防衛局広報「はいさい」　第187号　令和4年5月27日,松野内閣官房長官訪沖,MOD,https://www.mod.go.jp/rdb/okinawa/pr/haisai/images/pdf/187.pdf,https://www.mod.go.jp/rdb/okinawa/pr/haisai/,広報誌等
063-2,20220527,沖縄防衛局広報「はいさい」　第187号　令和4年5月27日,嘉手納弾薬庫地区の一部土地の返還,MOD,https://www.mod.go.jp/rdb/okinawa/pr/haisai/images/pdf/187.pdf,https://www.mod.go.jp/rdb/okinawa/pr/haisai/,広報誌等
063-3,20220527,沖縄防衛局広報「はいさい」　第187号　令和4年5月27日,那覇港湾施設移設に関する協議会(第28回)について,MOD,https://www.mod.go.jp/rdb/okinawa/pr/haisai/images/pdf/187.pdf,https://www.mod.go.jp/rdb/okinawa/pr/haisai/,広報誌等
064-1,20230831,北海道運輸局広報誌『北斗七星』第252号(令和5年8月31日発行),首都圏の教育関係者等が“北海道(胆振)ならでは”の新たな学びを体験,MLIT,https://wwwtb.mlit.go.jp/hokkaido/kakusyu/kouhoushi/hokuto7/05_08_00001.html,None,広報誌等
064-2,20230831,北海道運輸局広報誌『北斗七星』第252号(令和5年8月31日発行),『飛んでクルーズ・北海道』18年目の船出,MLIT,https://wwwtb.mlit.go.jp/hokkaido/kakusyu/kouhoushi/hokuto7/05_08_00001.html,None,広報誌等
065,20230925,文化庁広報誌　ぶんかる　ようこそ劇場へ　111,[琉球芸能]名手による至高の技芸を東京・国立劇場で!,BUNKA,https://www.bunka.go.jp/prmagazine/rensai/youkoso/youkoso_111.html,None,広報誌等
066,20230925,文化庁広報誌　ぶんかる　文化財のトビラ,東福寺と画聖・明兆,BUNKA,https://www.bunka.go.jp/prmagazine/rensai/bunkazai/bunkazai_112.html,None,広報誌等
067,20230825,文化庁広報誌　ぶんかる　アートダイアリー,ある映画人夫妻の華麗なる足跡――企画展「月丘夢路　井上梅次　100年祭」,BUNKA,https://www.bunka.go.jp/prmagazine/rensai/diary/diary_107.html,None,広報誌等
068,20230700,特集　関東大震災から100年2~あの時その場所で何が起きていたのか~,None,BOUSAI,https://www.bousai.go.jp/kohou/kouhoubousai/r05/107/special_01.html,None,広報誌等
069,20211200,特集　熊本地震から5年　~　「創造的復興」の実現で新しい熊本へ~,None,BOUSAI,https://www.bousai.go.jp/kohou/kouhoubousai/r03/102/special_01.html,None,広報誌等
070,20220700,特集　風水害に備える　カスリーン台風から75年　~水害対策は「流域治水」の時代へ~,None,BOUSAI,https://www.bousai.go.jp/kohou/kouhoubousai/r04/104/special_01.html,None,広報誌等
071-1,20231100,広報誌「みどりの東北」　No.236　令和5年11月号　国有林野所在市町村の魅力紹介,秋田　秋田県鹿角市,MAFF,https://www.rinya.maff.go.jp/tohoku/koho/koho_si/attach/pdf/index-13.pdf,https://www.rinya.maff.go.jp/tohoku/koho/koho_si/index.html,広報誌等
071-2,20231100,広報誌「みどりの東北」　No.236　令和5年11月号　国有林野所在市町村の魅力紹介,山形　山形県酒田市,MAFF,https://www.rinya.maff.go.jp/tohoku/koho/koho_si/attach/pdf/index-13.pdf,https://www.rinya.maff.go.jp/tohoku/koho/koho_si/index.html,広報誌等
072-1,20231100,フォレスト・ニュース　森のひろば　NO.1172　令和5年　11月号,トピックス「水都おおさか森林(もり)の市2023」,MAFF,https://www.rinya.maff.go.jp/kinki/koho/koho_si/morinohiroba/pdf/no1172.pdf,https://www.rinya.maff.go.jp/kinki/koho/koho_si/morinohiroba/index.html,広報誌等
072-2,20231100,フォレスト・ニュース　森のひろば　NO.1172　令和5年　11月号,ニュース,MAFF,https://www.rinya.maff.go.jp/kinki/koho/koho_si/morinohiroba/pdf/no1172.pdf,https://www.rinya.maff.go.jp/kinki/koho/koho_si/morinohiroba/index.html,広報誌等
073-1,20231000,広報誌「グリーン四国」　No.1243　2023年10月号,愛媛大学リカレントプログラム(山地災害防止論)で治山事業を説明〈局治山課〉,MAFF,https://www.rinya.maff.go.jp/shikoku/koho/koho_si/attach/pdf/index-77.pdf,https://www.rinya.maff.go.jp/shikoku/koho/koho_si/index.html,広報誌等
073-2,20231000,広報誌「グリーン四国」　No.1243　2023年10月号,安芸森林管理署,MAFF,https://www.rinya.maff.go.jp/shikoku/koho/koho_si/attach/pdf/index-77.pdf,https://www.rinya.maff.go.jp/shikoku/koho/koho_si/index.html,広報誌等
074-1,20231121,「広報九州」令和5年度,低コスト造林技術の普及に向けた現地検討会を開催(令和5年10月25日),MAFF,https://www.rinya.maff.go.jp/kyusyu/koho/koho_si/koho_kyusyu/kouhousi_R5.html,None,広報誌等
074-2,20231121,「広報九州」令和5年度,島原市安中地区自主防災会研修会に参加(令和5年7月10日),MAFF,https://www.rinya.maff.go.jp/kyusyu/koho/koho_si/koho_kyusyu/kouhousi_R5.html,None,広報誌等
075-1,20230110,広報九州　特別号「暖帯林」令和5年1月号,クリスマス用のモミの木を贈呈しました,MAFF,https://www.rinya.maff.go.jp/kyusyu/koho/koho_si/dantairin/attach/pdf/dantairinn-10.pdf,https://www.rinya.maff.go.jp/kyusyu/koho/koho_si/dantairin/dantairinn.html,広報誌等
075-2,20230110,広報九州　特別号「暖帯林」令和5年1月号,アサヒビール調印式及び白谷雲水峡清掃ボランティアの実施,MAFF,https://www.rinya.maff.go.jp/kyusyu/koho/koho_si/dantairin/attach/pdf/dantairinn-10.pdf,https://www.rinya.maff.go.jp/kyusyu/koho/koho_si/dantairin/dantairinn.html,広報誌等
076-1,20231117,西村経済産業大臣の閣議後記者会見の概要,冒頭発言,METI,https://www.meti.go.jp/speeches/kaiken/2023/20231117001.html,None,会見・会合記録
076-2,20231117,西村経済産業大臣の閣議後記者会見の概要,質疑応答,METI,https://www.meti.go.jp/speeches/kaiken/2023/20231117001.html,None,会見・会合記録
077,20230627,令和5年版通商白書　第III部　第1章　第1節　G7/G20/OECD　1.G7,(1)ドイツ議長年(2022年1月~2022年12月),METI,https://www.meti.go.jp/report/tsuhaku2023/2023honbun/i3110000.html,None,白書・青書
079,20210823,文化庁広報誌　ぶんかる　ぶんかるNews　003,高輪築堤跡(たかなわちくていあと)の史跡指定について,BUNKA,https://www.bunka.go.jp/prmagazine/rensai/news/news_003.html,None,広報誌等
080,20230428,林外務大臣会見記録,None,MOFA,https://www.mofa.go.jp/mofaj/press/kaiken/kaiken22_000076.html,None,会見・会合記録
081,20231120,上川外務大臣会見記録,None,MOFA,https://www.mofa.go.jp/mofaj/press/kaiken/kaiken24_000206.html,None,会見・会合記録
083,20231114,日米経済政策協議委員会(経済版「2+2」)第2回閣僚会合,None,MOFA,https://www.mofa.go.jp/mofaj/na/na2/us/page4_006063.html,None,会見・会合記録
084,20230411,令和5年版外交青書　第2章　第8節　アフリカ　2　東部アフリカ地域,None,MOFA,https://www.mofa.go.jp/mofaj/gaiko/bluebook/2023/html/chapter2_08_02.html,None,白書・青書
085,20220600,新型コロナウイルス最前線,日本への入国手続きを円滑に　入国前検疫WEB手続き「ファストトラック」,MHLW,https://www.mhlw.go.jp/stf/houdou_kouhou/kouhou_shuppan/magazine/202206_00002.html,None,広報誌等
086-1,20230700,令和5年版防衛白書について(詳細版)　第I部　わが国を取り巻く安全保障環境　第3章　諸外国の防衛政策など,第2節　中国,MOD,https://www.mod.go.jp/j/press/wp/wp2023/pdf/R05_detailed.pdf,https://www.mod.go.jp/j/press/wp/,白書・青書
086-2,20230700,令和5年版防衛白書について(詳細版)　第I部　わが国を取り巻く安全保障環境　第3章　諸外国の防衛政策など,第3節　米国と中国の関係など,MOD,https://www.mod.go.jp/j/press/wp/wp2023/pdf/R05_detailed.pdf,https://www.mod.go.jp/j/press/wp/,白書・青書
087,20231000,広報誌「ファイナンス」令和5年10月号,巻頭言　“日本のだがしで世界平和を”,MOF,https://www.mof.go.jp/public_relations/finance/202310/202310b.pdf,https://www.mof.go.jp/public_relations/finance/202310/index.html,広報誌等
